adisivan.chinnasamy = adisivan.chinnasamy <adisivan.chinnasamy@i-exceed.com>
aman.gupta = aman.gupta <aman.gupta@i-exceed.com>
arthanarisamy = arthanarisamy <arthanarisamy@i-exceed.com>
chandu.balaji = chandu.balaji <chandu.balaji@i-exceed.com>
darshanl.sagar = darshanl.sagar <darshanl.sagar@i-exceed.com>
diganta.kumar = diganta.kumar <diganta.kumar@i-exceed.com>
harish.babu = harish.babu <harish.babu@i-exceed.com>
jones.aldo = jones.aldo <jones.aldo@i-exceed.com>
karthik.bobburi = karthik.bobburi <karthik.bobburi@i-exceed.com>
kjs.sainikhil = kjs.sainikhil <kjs.sainikhil@i-exceed.com>
krisna.prashatt = krisna.prashatt <krisna.prashatt@i-exceed.com>
madhusudhan.revankar = madhusudhan.revankar <madhusudhan.revankar@i-exceed.com>
manu.nr = manu.nr <manu.nr@i-exceed.com>
Natasha = Natasha <Natasha@i-exceed.com>
phaniraj.v = phaniraj.v <phaniraj.v@i-exceed.com>
prabudas.s = prabudas.s <prabudas.s@i-exceed.com>
pradeep.kumar = pradeep.kumar <pradeep.kumar@i-exceed.com>
pradeep.tiwari = pradeep.tiwari <pradeep.tiwari@i-exceed.com>
preetish.das = preetish.das <preetish.das@i-exceed.com>
prudhvi.kumar = prudhvi.kumar <prudhvi.kumar@i-exceed.com>
ravi.kanchi = ravi.kanchi <ravi.kanchi@i-exceed.com>
ravindra.gahlot = ravindra.gahlot <ravindra.gahlot@i-exceed.com>
rema.krishnan = rema.krishnan <rema.krishnan@i-exceed.com>
sahas.chowdhry = sahas.chowdhry <sahas.chowdhry@i-exceed.com>
sasidhar.reddy = sasidhar.reddy <sasidhar.reddy@i-exceed.com>
sathish.selvaraj = sathish.selvaraj <sathish.selvaraj@i-exceed.com>
shyam.kumar = shyam.kumar <shyam.kumar@i-exceed.com>
siddaiahswamy.patil = siddaiahswamy.patil <siddaiahswamy.patil@i-exceed.com>
mishra.abhishek = mishra.abhishek <mishra.abhishek@i-exceed.com>
avuku.sairuthvik = avuku.sairuthvik <avuku.sairuthvik@i-exceed.com>
sharan.rai = sharan.rai <sharan.rai@i-exceed.com>phaniraj.v = phaniraj.v <phaniraj.v@i-exceed.com>
shyam.kumar = shyam.kumar <shyam.kumar@i-exceed.com>
krisna.prashatt = krisna.prashatt <krisna.prashatt@i-exceed.com>
sahas.chowdhry = sahas.chowdhry <sahas.chowdhry@i-exceed.com>
jones.aldo = jones.aldo <jones.aldo@i-exceed.com>
darshanl.sagar = darshanl.sagar <darshanl.sagar@i-exceed.com>
pradeep.tiwari = pradeep.tiwari <pradeep.tiwari@i-exceed.com>
pradeep.kumar = pradeep.kumar <pradeep.kumar@i-exceed.com>
Natasha = Natasha <Natasha@i-exceed.com>
harish.babu = harish.babu <harish.babu@i-exceed.com>
chandu.balaji = chandu.balaji <chandu.balaji@i-exceed.com>
preetish.das = preetish.das <preetish.das@i-exceed.com>
madhusudhan.revankar = madhusudhan.revankar <madhusudhan.revankar@i-exceed.com>
diganta.kumar = diganta.kumar <diganta.kumar@i-exceed.com>
sathish.selvaraj = sathish.selvaraj <sathish.selvaraj@i-exceed.com>
sasidhar.reddy = sasidhar.reddy <sasidhar.reddy@i-exceed.com>
ravindra.gahlot = ravindra.gahlot <ravindra.gahlot@i-exceed.com>
manu.nr = manu.nr <manu.nr@i-exceed.com>
arthanarisamy = arthanarisamy <arthanarisamy@i-exceed.com>
sharan.rai = sharan.rai <sharan.rai@i-exceed.com>
karthik.bobburi = karthik.bobburi <karthik.bobburi@i-exceed.com>
aman.gupta = aman.gupta <aman.gupta@i-exceed.com>
siddaiahswamy.patil = siddaiahswamy.patil <siddaiahswamy.patil@i-exceed.com>
kjs.sainikhil = kjs.sainikhil <kjs.sainikhil@i-exceed.com>
adisivan.chinnasamy = adisivan.chinnasamy <adisivan.chinnasamy@i-exceed.com>
prabudas.s = prabudas.s <prabudas.s@i-exceed.com>
avuku.sairuthvik = avuku.sairuthvik <avuku.sairuthvik@i-exceed.com>
mishra.abhishek = mishra.abhishek <mishra.abhishek@i-exceed.com>
victor.raj = victor.raj <victor.raj@i-exceed.com>
darshan.chakanakere = darshan.chakanakere <darshan.chakanakere@i-exceed.com>
suresh.poosapati = suresh.poosapati <suresh.poosapati@i-exceed.com>
karan.singh = karan.singh <karan.singh@i-exceed.com>
jyoti.gupta = jyoti.gupta <jyoti.gupta@i-exceed.com>
athul.sukumaran = athul.sukumaran <athul.sukumaran@i-exceed.com>
sunny.singh = sunny.singh <sunny.singh@i-exceed.com>
ripu.pandey = ripu.pandey <ripu.pandey@i-exceed.com>
shivansh.agarwal = shivansh.agarwal <shivansh.agarwal@i-exceed.com>
varun.krishna = varun.krishna <varun.krishna@i-exceed.com>
vinay.kumar = vinay.kumar <vinay.kumar@i-exceed.com>
